{"0": [14.693425, -17.447938], "1": [14.864559, -15.876047], "2": [14.7948093, -16.9529272], "3": [14.716417, -17.273844], "4": [14.04807735, -16.015508291809287], "5": [14.411794, -16.9657124], "6": [12.7539797, -16.40392966965883], "7": [16.1876131, -15.2954502], "8": [14.7043898, -16.0511737], "9": [15.2401304, -15.3441834], "10": [13.8301533, -13.0891759], "11": [16.466294, -15.688449], "12": [13.1291507, -14.418147374323599], "13": [14.7971224, -15.9066608], "14": [14.951507, -16.812868], "15": [14.154629, -16.8326857], "16": [14.2824927, -15.0247364], "17": [16.03043405, -16.5052168], "18": [12.801133, -16.22897], "19": [13.9406041, -16.4024021], "20": [16.516508, -15.50684], "21": [14.69548, -16.449262], "22": [13.5704886, -13.5529219], "23": [12.9102548, -15.55298390097876], "24": [14.7407477, -17.1390778], "26": [14.5122912, -17.0046782], "27": [14.9183011, -17.1193122], "28": [14.7702196, -17.0611162], "29": [15.1138084, -16.6326816], "31": [15.606478, -13.3211029], "32": [13.745571, -15.774751], "33": [15.374006, -16.4497224], "34": [13.979578, -14.803538], "35": [14.272179, -15.945573], "36": [14.9049666, -12.4568066], "37": [15.1359847, -16.8812178], "38": [15.3954248, -15.1153121], "39": [13.878452, -16.372533], "40": [12.5729357, -15.8763382], "41": [14.4222773, -16.702781], "42": [14.7717154, -16.5328334], "43": [14.067243, -16.5736951], "44": [14.2682986, -16.152514], "45": [14.8337008, -15.5739878], "46": [15.491026, -13.1756847]}